individual_id,joint_id,x,y,z,x_inferior,y_inferior,z_inferior,label
application,,,,,,,,3d_skeleton_plotter
grave_dimensions,,1.5,2.5,0.5,,,,
demo-1,colour,,,,,,,#e69f00
demo-1,group,,,,,,,
demo-1,group_label,,,,,,,
demo-1,head_proximal,0.750,0.220,0.390,,,,Synthetic demo skeleton
demo-1,head_centre,0.750,0.310,0.390,,,,
demo-1,chin,0.750,0.380,0.350,,,,
demo-1,manubrium,0.750,0.550,0.370,,,,
demo-1,sacral_promontory,0.750,1.020,0.360,,,,
demo-1,shoulder_l,0.550,0.580,0.370,,,,
demo-1,elbow_l,0.520,0.910,0.350,,,,
demo-1,wrist_l,0.500,1.170,0.340,,,,
demo-1,fingertips_l,0.490,1.350,0.330,,,,
demo-1,ilium_superior_l,0.620,0.900,0.380,,,,
demo-1,ischium_l,0.660,1.120,0.340,,,,
demo-1,acetabulum_l,0.660,1.050,0.350,,,,
demo-1,knee_l,0.650,1.500,0.350,,,,
demo-1,ankle_l,0.650,1.870,0.340,,,,
demo-1,toes_l,0.650,2.020,0.360,,,,
demo-1,shoulder_r,0.950,0.580,0.370,,,,
demo-1,elbow_r,0.980,0.910,0.350,,,,
demo-1,wrist_r,1.000,1.170,0.340,,,,
demo-1,fingertips_r,1.010,1.350,0.330,,,,
demo-1,ilium_superior_r,0.880,0.900,0.380,,,,
demo-1,ischium_r,0.840,1.120,0.340,,,,
demo-1,acetabulum_r,0.840,1.050,0.350,,,,
demo-1,knee_r,0.850,1.500,0.350,,,,
demo-1,ankle_r,0.850,1.870,0.340,,,,
demo-1,toes_r,0.850,2.020,0.360,,,,
